Dataset Name,"Algorithm
Name","Cross Validation
[1-10]","Hyper-
Parameters
Values",Accuracy,TPR,TNR,Precision,AUC,Curve,Time train,Time test
abalon,Random Forest,0,{'n_estimators': 314  'min_samples_split': 10  'min_samples_leaf': 4  'max_features': 'sqrt'  'max_depth': 10  'bootstrap': True},0.64354067,0.637119262,0.176904655,0.64354067,0.730107303,0.5687866,132.0740433,0.07810688
abalon,Random Forest,1,{'n_estimators': 800  'min_samples_split': 5  'min_samples_leaf': 4  'max_features': 'sqrt'  'max_depth': 54  'bootstrap': True},0.657894737,0.645585267,0.17023402,0.657894737,0.737675624,0.575774,135.7853565,0.187455177
abalon,Random Forest,2,{'n_estimators': 314  'min_samples_split': 10  'min_samples_leaf': 4  'max_features': 'sqrt'  'max_depth': 10  'bootstrap': True},0.655502392,0.650773986,0.171445835,0.655502392,0.739664075,0.5773362,134.3836911,0.078103304
abalon,Random Forest,3,{'n_estimators': 800  'min_samples_split': 5  'min_samples_leaf': 4  'max_features': 'sqrt'  'max_depth': 54  'bootstrap': True},0.633971292,0.64191652,0.183870225,0.633971292,0.729023147,0.5728541,137.6762953,0.187455416
abalon,Random Forest,4,{'n_estimators': 466  'min_samples_split': 10  'min_samples_leaf': 4  'max_features': 'sqrt'  'max_depth': 76  'bootstrap': True},0.662679426,0.660000696,0.167974393,0.662679426,0.746013152,0.575774,135.3395886,0.109348059
abalon,Random Forest,5,{'n_estimators': 314  'min_samples_split': 10  'min_samples_leaf': 4  'max_features': 'sqrt'  'max_depth': 10  'bootstrap': True},0.7456038647,0.643564778,0.177068879,0.645933014,0.73324795,0.57499427,133.3617809,0.07810688
abalon,Random Forest,6,{'n_estimators': 466  'min_samples_split': 10  'min_samples_leaf': 4  'max_features': 'sqrt'  'max_depth': 76  'bootstrap': True},0.650717703,0.645988558,0.174160902,0.650717703,0.735913828,0.57510555,136.390502,0.140593052
abalon,Random Forest,7,{'n_estimators': 800  'min_samples_split': 5  'min_samples_leaf': 4  'max_features': 'sqrt'  'max_depth': 54  'bootstrap': True},0.657074341,0.655071363,0.170979021,0.657074341,0.742046171,0.5759645,136.8095589,0.187455654
abalon,Random Forest,8,{'n_estimators': 1226  'min_samples_split': 10  'min_samples_leaf': 4  'max_features': 'sqrt'  'max_depth': 65  'bootstrap': True},0.666666667,0.663788245,0.166096112,0.666666667,0.748846066,0.57767653,140.1449618,0.265585661
abalon,Random Forest,9,{'n_estimators': 800  'min_samples_split': 5  'min_samples_leaf': 4  'max_features': 'sqrt'  'max_depth': 54  'bootstrap': True},0.669064748,0.663889539,0.16544743,0.669064748,0.749221054,0.57928514,136.5498471,0.187455654
annealing,Random Forest,0,{'n_estimators': 1378  'min_samples_split': 2  'min_samples_leaf': 1  'max_features': 'sqrt'  'max_depth': 76  'bootstrap': False},0.966666667,0.95,0.03,0.966666667,0.96,0.58450085,53.384799,0.234321594
annealing,Random Forest,1,{'n_estimators': 709  'min_samples_split': 2  'min_samples_leaf': 1  'max_features': 'auto'  'max_depth': 65  'bootstrap': False},0.955555556,0.91,0.039285714,0.955555556,0,0.58938843,52.10281444,0.140592575
annealing,Random Forest,2,{'n_estimators': 1378  'min_samples_split': 2  'min_samples_leaf': 1  'max_features': 'sqrt'  'max_depth': 76  'bootstrap': False},0.977777778,0.968530021,0.011933448,0.977777778,0.978298286,0.5946385,55.99986982,0.234319687
annealing,Random Forest,3,{'n_estimators': 1378  'min_samples_split': 2  'min_samples_leaf': 1  'max_features': 'sqrt'  'max_depth': 76  'bootstrap': False},0.944444444,0.886241868,0.03147939,0.944444444,0,0.59910315,54.30695558,0.234319448
annealing,Random Forest,4,{'n_estimators': 1043  'min_samples_split': 2  'min_samples_leaf': 1  'max_features': 'sqrt'  'max_depth': 21  'bootstrap': False},0.922222222,0.879262673,0.040977444,0.922222222,0.919142615,0.6030268,53.35916996,0.187455654
annealing,Random Forest,5,{'n_estimators': 10  'min_samples_split': 5  'min_samples_leaf': 2  'max_features': 'sqrt'  'max_depth': 87  'bootstrap': False},0.955555556,0.733333333,0.032469136,0.955555556,0.850432099,0.6075324,49.78407717,0
annealing,Random Forest,6,{'n_estimators': 1043  'min_samples_split': 2  'min_samples_leaf': 1  'max_features': 'sqrt'  'max_depth': 21  'bootstrap': False},0.966666667,0.797058824,0.020620843,0.966666667,0.88821899,0.6121607,52.56292582,0.171833038
annealing,Random Forest,7,{'n_estimators': 1043  'min_samples_split': 2  'min_samples_leaf': 1  'max_features': 'sqrt'  'max_depth': 21  'bootstrap': False},0.944444444,0.947463768,0.033424908,0.944444444,0,0.6162538,52.79278874,0.156213045
annealing,Random Forest,8,{'n_estimators': 709  'min_samples_split': 2  'min_samples_leaf': 1  'max_features': 'auto'  'max_depth': 65  'bootstrap': False},0.97752809,0.960813492,0.017647059,0.97752809,0,0.6208459,52.34824562,0.124969959
annealing,Random Forest,9,{'n_estimators': 1378  'min_samples_split': 2  'min_samples_leaf': 1  'max_features': 'sqrt'  'max_depth': 76  'bootstrap': False},0.95505618,0.845454545,0.02962963,0.95505618,0.907912458,0.6249121,54.24904585,0.23431921
arrhythmia,Random Forest,0,{'n_estimators': 405  'min_samples_split': 10  'min_samples_leaf': 1  'max_features': 'sqrt'  'max_depth': 21  'bootstrap': False},0.804347826,0.426428571,0.040317812,0.804347826,0,0.6238891,81.0373764,0.062485695
arrhythmia,Random Forest,1,{'n_estimators': 435  'min_samples_split': 10  'min_samples_leaf': 2  'max_features': 'auto'  'max_depth': 32  'bootstrap': False},0.673913043,0.564814815,0.057522251,0.673913043,0,0.6216958,80.41307092,0.07810688
arrhythmia,Random Forest,2,{'n_estimators': 405  'min_samples_split': 10  'min_samples_leaf': 1  'max_features': 'sqrt'  'max_depth': 21  'bootstrap': False},0.822222222,0.588541667,0.044642857,0.822222222,0,0.62105405,82.22989488,0.062485695
arrhythmia,Random Forest,3,{'n_estimators': 1378  'min_samples_split': 2  'min_samples_leaf': 1  'max_features': 'sqrt'  'max_depth': 76  'bootstrap': False},0.644444444,0.334415584,0.050673955,0.644444444,0,0.61880976,87.71071506,0.234320164
arrhythmia,Random Forest,4,{'n_estimators': 405  'min_samples_split': 10  'min_samples_leaf': 1  'max_features': 'sqrt'  'max_depth': 21  'bootstrap': False},0.733333333,0.622916667,0.044031385,0.733333333,0,0.61748636,81.19444084,0.062484026
arrhythmia,Random Forest,5,{'n_estimators': 405  'min_samples_split': 10  'min_samples_leaf': 1  'max_features': 'sqrt'  'max_depth': 21  'bootstrap': False},0.755555556,0.6,0.056709957,0.755555556,0,0.6164427,81.03923488,0.078103781
arrhythmia,Random Forest,6,{'n_estimators': 405  'min_samples_split': 10  'min_samples_leaf': 1  'max_features': 'sqrt'  'max_depth': 21  'bootstrap': False},0.711111111,0,0.056961787,0.711111111,0,0.61504906,82.51626253,0.078104496
arrhythmia,Random Forest,7,{'n_estimators': 405  'min_samples_split': 10  'min_samples_leaf': 1  'max_features': 'sqrt'  'max_depth': 21  'bootstrap': False},0.755555556,0.539795918,0.072760812,0.755555556,0,0.6141312,80.46307135,0.078106403
arrhythmia,Random Forest,8,{'n_estimators': 405  'min_samples_split': 10  'min_samples_leaf': 1  'max_features': 'sqrt'  'max_depth': 21  'bootstrap': False},0.777777778,0.5,0.057073643,0.777777778,0,0.613474,80.53323412,0.078109741
arrhythmia,Random Forest,9,{'n_estimators': 1043  'min_samples_split': 2  'min_samples_leaf': 1  'max_features': 'sqrt'  'max_depth': 21  'bootstrap': False},0.777777778,0.647435897,0.035177451,0.777777778,0,0.6128661,88.53391123,0.187469721
audiology-std,Random Forest,0,{'n_estimators': 1043  'min_samples_split': 2  'min_samples_leaf': 1  'max_features': 'sqrt'  'max_depth': 21  'bootstrap': False},0.7,0,0.044454657,0.7,0,0.6119977,50.26615357,0.187457561
audiology-std,Random Forest,1,{'n_estimators': 1378  'min_samples_split': 2  'min_samples_leaf': 1  'max_features': 'sqrt'  'max_depth': 76  'bootstrap': False},0.9,0.9125,0.016995614,0.9,0,0.611966,50.44930077,0.218697786
audiology-std,Random Forest,2,{'n_estimators': 405  'min_samples_split': 10  'min_samples_leaf': 1  'max_features': 'sqrt'  'max_depth': 21  'bootstrap': False},0.75,0,0.019860549,0.75,0,0.61134076,44.04690433,0.062487602
audiology-std,Random Forest,3,{'n_estimators': 1043  'min_samples_split': 2  'min_samples_leaf': 1  'max_features': 'sqrt'  'max_depth': 21  'bootstrap': False},0.9,0,0.0125,0.9,0,0.61134475,45.10214615,0.187455177
audiology-std,Random Forest,4,{'n_estimators': 405  'min_samples_split': 10  'min_samples_leaf': 1  'max_features': 'sqrt'  'max_depth': 21  'bootstrap': False},1,1,0,1,0,0.611772,45.50973487,0.078106642
audiology-std,Random Forest,5,{'n_estimators': 405  'min_samples_split': 10  'min_samples_leaf': 1  'max_features': 'sqrt'  'max_depth': 21  'bootstrap': False},0.65,0,0.054463438,0.65,0,0.61079156,57.93746853,0.093727827
audiology-std,Random Forest,6,{'n_estimators': 405  'min_samples_split': 10  'min_samples_leaf': 1  'max_features': 'sqrt'  'max_depth': 21  'bootstrap': False},0.789473684,0,0.027893809,0.789473684,0,0.61041415,43.67061329,0.093728542
audiology-std,Random Forest,7,{'n_estimators': 405  'min_samples_split': 10  'min_samples_leaf': 1  'max_features': 'sqrt'  'max_depth': 21  'bootstrap': False},0.526315789,0,0.040726628,0.526315789,0,0.60903835,44.88419366,0.062483311
audiology-std,Random Forest,8,{'n_estimators': 1043  'min_samples_split': 2  'min_samples_leaf': 1  'max_features': 'sqrt'  'max_depth': 21  'bootstrap': False},0.789473684,0,0.029898966,0.789473684,0,0.6086895,47.35350704,0.156213284
audiology-std,Random Forest,9,{'n_estimators': 1043  'min_samples_split': 2  'min_samples_leaf': 1  'max_features': 'sqrt'  'max_depth': 21  'bootstrap': False},0.894736842,0,0.011695906,0.894736842,0,0.60875714,44.51192522,0.187456608
autos,Random Forest,0,{'n_estimators': 800  'min_samples_split': 5  'min_samples_leaf': 4  'max_features': 'sqrt'  'max_depth': 54  'bootstrap': True},0.714285714,0.721428571,0.071802054,0.714285714,0,0.6086894,45.02647901,0.109348297
autos,Random Forest,1,{'n_estimators': 1378  'min_samples_split': 2  'min_samples_leaf': 1  'max_features': 'sqrt'  'max_depth': 76  'bootstrap': False},0.857142857,0.925,0.034055728,0.857142857,0,0.6092238,47.44201565,0.203076124
autos,Random Forest,2,{'n_estimators': 10  'min_samples_split': 5  'min_samples_leaf': 2  'max_features': 'sqrt'  'max_depth': 87  'bootstrap': False},0.666666667,0.766666667,0.081578947,0.666666667,0,0.60895526,44.81097174,0
autos,Random Forest,3,{'n_estimators': 1226  'min_samples_split': 10  'min_samples_leaf': 4  'max_features': 'sqrt'  'max_depth': 65  'bootstrap': True},0.476190476,0.54047619,0.136321195,0.476190476,0,0.60789263,46.91962504,0.171835423
autos,Random Forest,4,{'n_estimators': 314  'min_samples_split': 10  'min_samples_leaf': 4  'max_features': 'sqrt'  'max_depth': 10  'bootstrap': True},0.80952381,0.7,0.054285714,0.80952381,0,0.60822594,44.75620341,0.046864271
autos,Random Forest,5,{'n_estimators': 10  'min_samples_split': 5  'min_samples_leaf': 2  'max_features': 'sqrt'  'max_depth': 87  'bootstrap': False},0.65,0.480952381,0.090013495,0.65,0,0.60791075,45.23520041,0.015622139
autos,Random Forest,6,{'n_estimators': 10  'min_samples_split': 5  'min_samples_leaf': 2  'max_features': 'sqrt'  'max_depth': 87  'bootstrap': False},0.75,0.651428571,0.064273504,0.75,0,0.60799176,43.12137699,0.015619516
autos,Random Forest,7,{'n_estimators': 1226  'min_samples_split': 10  'min_samples_leaf': 4  'max_features': 'sqrt'  'max_depth': 65  'bootstrap': True},0.85,0.666666667,0.028935185,0.85,0.818865741,0.60846525,46.88964653,0.186480999
autos,Random Forest,8,{'n_estimators': 709  'min_samples_split': 2  'min_samples_leaf': 1  'max_features': 'auto'  'max_depth': 65  'bootstrap': False},0.8,0.8,0.055238095,0.8,0,0.6087402,45.41230583,0.109354734
autos,Random Forest,9,{'n_estimators': 709  'min_samples_split': 2  'min_samples_leaf': 1  'max_features': 'auto'  'max_depth': 65  'bootstrap': False},0.9,0.938095238,0.025396825,0.9,0,0.6094045,44.37501431,0.109350443
balance-scale,Random Forest,0,{'n_estimators': 800  'min_samples_split': 5  'min_samples_leaf': 4  'max_features': 'sqrt'  'max_depth': 54  'bootstrap': True},0.857142857,0.620689655,0.088235294,0.857142857,0.766227181,0.6113812,46.68080401,0.124971151
balance-scale,Random Forest,1,{'n_estimators': 800  'min_samples_split': 5  'min_samples_leaf': 4  'max_features': 'sqrt'  'max_depth': 54  'bootstrap': True},0.936507937,0.65625,0.041781874,0.936507937,0.807234063,0.61427915,46.77022004,0.124971151
balance-scale,Random Forest,2,{'n_estimators': 314  'min_samples_split': 10  'min_samples_leaf': 4  'max_features': 'sqrt'  'max_depth': 10  'bootstrap': True},0.888888889,0.666666667,0.065247065,0.888888889,0.800709801,0.61655176,44.35403872,0.079593182
balance-scale,Random Forest,3,{'n_estimators': 800  'min_samples_split': 5  'min_samples_leaf': 4  'max_features': 'sqrt'  'max_depth': 54  'bootstrap': True},0.904761905,0.643529412,0.058076225,0.904761905,0.792726593,0.61897,45.97483087,0.124970675
balance-scale,Random Forest,4,{'n_estimators': 466  'min_samples_split': 10  'min_samples_leaf': 4  'max_features': 'sqrt'  'max_depth': 76  'bootstrap': True},0.888888889,0.655555556,0.068181818,0.888888889,0.793686869,0.6211561,45.81437445,0.09372592
balance-scale,Random Forest,5,{'n_estimators': 314  'min_samples_split': 10  'min_samples_leaf': 4  'max_features': 'sqrt'  'max_depth': 10  'bootstrap': True},0.951612903,0.641975309,0.035714286,0.951612903,0.803130511,0.62399,44.96144724,0.046863079
balance-scale,Random Forest,6,{'n_estimators': 800  'min_samples_split': 5  'min_samples_leaf': 4  'max_features': 'sqrt'  'max_depth': 54  'bootstrap': True},0.887096774,0.632815611,0.069124424,0.887096774,0.781845594,0.62603676,45.95554113,0.140592337
balance-scale,Random Forest,7,{'n_estimators': 314  'min_samples_split': 10  'min_samples_leaf': 4  'max_features': 'sqrt'  'max_depth': 10  'bootstrap': True},0.774193548,0.589962121,0.133333333,0.774193548,0.728314394,0.6267686,45.46765327,0.06248641
balance-scale,Random Forest,8,{'n_estimators': 1226  'min_samples_split': 10  'min_samples_leaf': 4  'max_features': 'sqrt'  'max_depth': 65  'bootstrap': True},0.903225806,0.642973856,0.068295739,0.903225806,0.787339058,0.6289341,47.37875485,0.249941111
balance-scale,Random Forest,9,{'n_estimators': 314  'min_samples_split': 10  'min_samples_leaf': 4  'max_features': 'sqrt'  'max_depth': 10  'bootstrap': True},0.838709677,0.631185808,0.092624855,0.838709677,0.769280476,0.63034356,44.84162164,0.062485933
baseball,Random Forest,0,{'n_estimators': 435  'min_samples_split': 10  'min_samples_leaf': 2  'max_features': 'auto'  'max_depth': 32  'bootstrap': False},0.925373134,0.638888889,0.174583979,0.925373134,0.732152455,0.63535184,76.48641562,0.078107834
baseball,Random Forest,1,{'n_estimators': 709  'min_samples_split': 2  'min_samples_leaf': 1  'max_features': 'auto'  'max_depth': 65  'bootstrap': False},0.962686567,0.835760199,0.059094551,0.962686567,0.888332824,0.6410473,77.83080435,0.140592813
baseball,Random Forest,2,{'n_estimators': 1378  'min_samples_split': 2  'min_samples_leaf': 1  'max_features': 'sqrt'  'max_depth': 76  'bootstrap': False},0.947761194,0.577777778,0.156723485,0.947761194,0.710527146,0.6462015,79.37185121,0.265563488
baseball,Random Forest,3,{'n_estimators': 709  'min_samples_split': 2  'min_samples_leaf': 1  'max_features': 'auto'  'max_depth': 65  'bootstrap': False},0.955223881,0.719489982,0.040798611,0.955223881,0.839345685,0.6513455,76.76434755,0.124969244
baseball,Random Forest,4,{'n_estimators': 405  'min_samples_split': 10  'min_samples_leaf': 1  'max_features': 'sqrt'  'max_depth': 21  'bootstrap': False},0.902985075,0.51547619,0.161229846,0.902985075,0.677123172,0.6551532,75.23738146,0.078106165
baseball,Random Forest,5,{'n_estimators': 435  'min_samples_split': 10  'min_samples_leaf': 2  'max_features': 'auto'  'max_depth': 32  'bootstrap': False},0.955223881,0.792063492,0.132633588,0.955223881,0.829714952,0.6599732,76.24502444,0.07810545
baseball,Random Forest,6,{'n_estimators': 314  'min_samples_split': 10  'min_samples_leaf': 4  'max_features': 'sqrt'  'max_depth': 10  'bootstrap': True},0.902985075,0.527731092,0.210544303,0.902985075,0.658593395,0.66350806,76.36321831,0.062485695
baseball,Random Forest,7,{'n_estimators': 1043  'min_samples_split': 2  'min_samples_leaf': 1  'max_features': 'sqrt'  'max_depth': 21  'bootstrap': False},0.955223881,0.444444444,0.240659341,0.955223881,0.601892552,0.66803426,79.8178072,0.218700409
baseball,Random Forest,8,{'n_estimators': 800  'min_samples_split': 5  'min_samples_leaf': 4  'max_features': 'sqrt'  'max_depth': 54  'bootstrap': True},0.917910448,0.563312707,0.192833333,0.917910448,0.685239687,0.671635,76.92217565,0.124970436
baseball,Random Forest,9,{'n_estimators': 1226  'min_samples_split': 10  'min_samples_leaf': 4  'max_features': 'sqrt'  'max_depth': 65  'bootstrap': True},0.910447761,0.515056022,0.227492397,0.910447761,0.643781813,0.6749664,78.05110884,0.187456608
car,Random Forest,0,{'n_estimators': 1043  'min_samples_split': 2  'min_samples_leaf': 1  'max_features': 'sqrt'  'max_depth': 21  'bootstrap': False},0.988439306,0.928571429,0.003521127,0.988439306,0.962525151,0.6808665,52.52459121,0.175590992
car,Random Forest,1,{'n_estimators': 1043  'min_samples_split': 2  'min_samples_leaf': 1  'max_features': 'sqrt'  'max_depth': 21  'bootstrap': False},0.976878613,0.954123935,0.006468531,0.976878613,0.973827702,0.6862498,51.50273085,0.234318733
car,Random Forest,2,{'n_estimators': 1378  'min_samples_split': 2  'min_samples_leaf': 1  'max_features': 'sqrt'  'max_depth': 76  'bootstrap': False},0.994219653,0.994318182,0.001515152,0.994219653,0.996401515,0.69187516,52.55478001,0.249939203
car,Random Forest,3,{'n_estimators': 709  'min_samples_split': 2  'min_samples_leaf': 1  'max_features': 'auto'  'max_depth': 65  'bootstrap': False},0.988439306,0.867647059,0.007612515,0.988439306,0.930017272,0.69715524,51.73260856,0.124971628
car,Random Forest,4,{'n_estimators': 709  'min_samples_split': 2  'min_samples_leaf': 1  'max_features': 'auto'  'max_depth': 65  'bootstrap': False},0.976878613,0.954471545,0.006367671,0.976878613,0.974051937,0.701965,51.74077535,0.124970675
car,Random Forest,5,{'n_estimators': 709  'min_samples_split': 2  'min_samples_leaf': 1  'max_features': 'auto'  'max_depth': 65  'bootstrap': False},0.988439306,0.988095238,0.002958994,0.988439306,0.992568122,0.7068867,51.96006346,0.12497139
car,Random Forest,6,{'n_estimators': 800  'min_samples_split': 5  'min_samples_leaf': 4  'max_features': 'sqrt'  'max_depth': 54  'bootstrap': True},0.953757225,0.821789322,0.013986014,0.953757225,0.903901654,0.7108138,51.61880159,0.140590906
car,Random Forest,7,{'n_estimators': 1378  'min_samples_split': 2  'min_samples_leaf': 1  'max_features': 'sqrt'  'max_depth': 76  'bootstrap': False},0.98265896,0.955929487,0.007650805,0.98265896,0.974139341,0.7152847,52.2763896,0.265560389
car,Random Forest,8,{'n_estimators': 1043  'min_samples_split': 2  'min_samples_leaf': 1  'max_features': 'sqrt'  'max_depth': 21  'bootstrap': False},0.98255814,0.993644068,0.005725191,0.98255814,0.993959438,0.7195806,51.83578014,0.187453985
car,Random Forest,9,{'n_estimators': 1043  'min_samples_split': 2  'min_samples_leaf': 1  'max_features': 'sqrt'  'max_depth': 21  'bootstrap': False},0.970930233,0.933723843,0.011983083,0.970930233,0.96087038,0.7234737,52.23938727,0.187455177
cardiotocography-3clases,Random Forest,0,{'n_estimators': 314  'min_samples_split': 10  'min_samples_leaf': 4  'max_features': 'sqrt'  'max_depth': 10  'bootstrap': True},0.901408451,0.747385621,0.103052736,0.901408451,0.822166443,0.72645754,81.19105029,0.062484741
cardiotocography-3clases,Random Forest,1,{'n_estimators': 314  'min_samples_split': 10  'min_samples_leaf': 4  'max_features': 'sqrt'  'max_depth': 10  'bootstrap': True},0.906103286,0.823791423,0.087691978,0.906103286,0.868049723,0.7294447,80.22289014,0.06248641
cardiotocography-3clases,Random Forest,2,{'n_estimators': 466  'min_samples_split': 10  'min_samples_leaf': 4  'max_features': 'sqrt'  'max_depth': 76  'bootstrap': True},0.953051643,0.848970252,0.073182957,0.953051643,0.887893647,0.7335523,83.47581029,0.078105211
cardiotocography-3clases,Random Forest,3,{'n_estimators': 466  'min_samples_split': 10  'min_samples_leaf': 4  'max_features': 'sqrt'  'max_depth': 76  'bootstrap': True},0.943661972,0.87945489,0.062750741,0.943661972,0.908352075,0.73725605,84.49889874,0.093729734
cardiotocography-3clases,Random Forest,4,{'n_estimators': 1226  'min_samples_split': 10  'min_samples_leaf': 4  'max_features': 'sqrt'  'max_depth': 65  'bootstrap': True},0.948356808,0.916300277,0.058049352,0.948356808,0.929125462,0.74093735,85.43133664,0.218698025
cardiotocography-3clases,Random Forest,5,{'n_estimators': 466  'min_samples_split': 10  'min_samples_leaf': 4  'max_features': 'sqrt'  'max_depth': 76  'bootstrap': True},0.924882629,0.838383838,0.090740741,0.924882629,0.873821549,0.7438923,82.71156526,0.078106642
cardiotocography-3clases,Random Forest,6,{'n_estimators': 314  'min_samples_split': 10  'min_samples_leaf': 4  'max_features': 'sqrt'  'max_depth': 10  'bootstrap': True},0.91509434,0.764609053,0.086058455,0.91509434,0.839275299,0.7464843,81.80047917,0.062484264
cardiotocography-3clases,Random Forest,7,{'n_estimators': 800  'min_samples_split': 5  'min_samples_leaf': 4  'max_features': 'sqrt'  'max_depth': 54  'bootstrap': True},0.962264151,0.903368269,0.046091901,0.962264151,0.928638184,0.75011617,84.33138013,0.142838717
cardiotocography-3clases,Random Forest,8,{'n_estimators': 1226  'min_samples_split': 10  'min_samples_leaf': 4  'max_features': 'sqrt'  'max_depth': 65  'bootstrap': True},0.938679245,0.881857621,0.074873264,0.938679245,0.903492178,0.7530617,85.08285689,0.218703032
cardiotocography-3clases,Random Forest,9,{'n_estimators': 1226  'min_samples_split': 10  'min_samples_leaf': 4  'max_features': 'sqrt'  'max_depth': 65  'bootstrap': True},0.938679245,0.859128411,0.068339699,0.938679245,0.895394356,0.75590414,85.99710774,0.28118372
cardiotocography-10clases,Random Forest,0,{'n_estimators': 466  'min_samples_split': 10  'min_samples_leaf': 4  'max_features': 'sqrt'  'max_depth': 76  'bootstrap': True},0.849765258,0.743163781,0.018770699,0.849765258,0.862196541,0.7552439,97.1004045,0.09372735
cardiotocography-10clases,Random Forest,1,{'n_estimators': 800  'min_samples_split': 5  'min_samples_leaf': 4  'max_features': 'sqrt'  'max_depth': 54  'bootstrap': True},0.854460094,0.756838824,0.018058035,0.854460094,0.869390394,0.75476193,97.74666476,0.17183876
cardiotocography-10clases,Random Forest,2,{'n_estimators': 1226  'min_samples_split': 10  'min_samples_leaf': 4  'max_features': 'sqrt'  'max_depth': 65  'bootstrap': True},0.887323944,0.819915079,0.015170227,0.887323944,0,0.7550794,100.3473029,0.234319448
cardiotocography-10clases,Random Forest,3,{'n_estimators': 800  'min_samples_split': 5  'min_samples_leaf': 4  'max_features': 'sqrt'  'max_depth': 54  'bootstrap': True},0.85915493,0.775433863,0.017579515,0.85915493,0.878927174,0.7548045,97.9177382,0.171832561
cardiotocography-10clases,Random Forest,4,{'n_estimators': 800  'min_samples_split': 5  'min_samples_leaf': 4  'max_features': 'sqrt'  'max_depth': 54  'bootstrap': True},0.887323944,0.81387969,0.013851794,0.887323944,0.900013948,0.75519174,98.5350709,0.156212807
cardiotocography-10clases,Random Forest,5,{'n_estimators': 800  'min_samples_split': 5  'min_samples_leaf': 4  'max_features': 'sqrt'  'max_depth': 54  'bootstrap': True},0.840375587,0.761863982,0.019576514,0.840375587,0.871143734,0.75458336,97.58717132,0.171833038
cardiotocography-10clases,Random Forest,6,{'n_estimators': 800  'min_samples_split': 5  'min_samples_leaf': 4  'max_features': 'sqrt'  'max_depth': 54  'bootstrap': True},0.867924528,0.805814394,0.015947144,0.867924528,0.894933625,0.7546087,99.10417485,0.156211138
cardiotocography-10clases,Random Forest,7,{'n_estimators': 314  'min_samples_split': 10  'min_samples_leaf': 4  'max_features': 'sqrt'  'max_depth': 10  'bootstrap': True},0.858490566,0.817791024,0.016674217,0.858490566,0.900558403,0.75446004,96.8083725,0.062485218
cardiotocography-10clases,Random Forest,8,{'n_estimators': 314  'min_samples_split': 10  'min_samples_leaf': 4  'max_features': 'sqrt'  'max_depth': 10  'bootstrap': True},0.849056604,0.741179055,0.018362943,0.849056604,0.861408056,0.75414145,95.63325071,0.078107357
cardiotocography-10clases,Random Forest,9,{'n_estimators': 314  'min_samples_split': 10  'min_samples_leaf': 4  'max_features': 'sqrt'  'max_depth': 10  'bootstrap': True},0.853773585,0.703068258,0.017783389,0.853773585,0.842642435,0.75394785,95.9203546,0.062485456
conn-bench-vowel-deterding,Random Forest,0,{'n_estimators': 709  'min_samples_split': 2  'min_samples_leaf': 1  'max_features': 'auto'  'max_depth': 65  'bootstrap': False},0.98989899,0.990909091,0.000988142,0.98989899,0.994960474,0.7551082,74.70566034,0.124970913
conn-bench-vowel-deterding,Random Forest,1,{'n_estimators': 1378  'min_samples_split': 2  'min_samples_leaf': 1  'max_features': 'sqrt'  'max_depth': 76  'bootstrap': False},0.97979798,0.988636364,0.001991902,0.97979798,0.993322231,0.75616646,78.61152363,0.249943733
conn-bench-vowel-deterding,Random Forest,2,{'n_estimators': 709  'min_samples_split': 2  'min_samples_leaf': 1  'max_features': 'auto'  'max_depth': 65  'bootstrap': False},0.98989899,0.993939394,0.000988142,0.98989899,0.996475626,0.7573147,75.1717658,0.109349728
conn-bench-vowel-deterding,Random Forest,3,{'n_estimators': 1043  'min_samples_split': 2  'min_samples_leaf': 1  'max_features': 'sqrt'  'max_depth': 21  'bootstrap': False},0.96969697,0.977272727,0.00296512,0.96969697,0.987153804,0.7582662,77.06452179,0.203076839
conn-bench-vowel-deterding,Random Forest,4,{'n_estimators': 1043  'min_samples_split': 2  'min_samples_leaf': 1  'max_features': 'sqrt'  'max_depth': 21  'bootstrap': False},1,1,0,1,1,0.7594968,76.94845414,0.187455893
conn-bench-vowel-deterding,Random Forest,5,{'n_estimators': 1378  'min_samples_split': 2  'min_samples_leaf': 1  'max_features': 'sqrt'  'max_depth': 76  'bootstrap': False},0.98989899,0.991735537,0.001033058,0.98989899,0.99535124,0.7606252,85.97407818,0.234318733
conn-bench-vowel-deterding,Random Forest,6,{'n_estimators': 1378  'min_samples_split': 2  'min_samples_leaf': 1  'max_features': 'sqrt'  'max_depth': 76  'bootstrap': False},1,1,0,1,1,0.7618405,79.09976411,0.249943495
conn-bench-vowel-deterding,Random Forest,7,{'n_estimators': 1043  'min_samples_split': 2  'min_samples_leaf': 1  'max_features': 'sqrt'  'max_depth': 21  'bootstrap': False},0.97979798,0.982644628,0.002020451,0.97979798,0.990312088,0.76286083,76.91683412,0.17183423
conn-bench-vowel-deterding,Random Forest,8,{'n_estimators': 1378  'min_samples_split': 2  'min_samples_leaf': 1  'max_features': 'sqrt'  'max_depth': 76  'bootstrap': False},0.97979798,0.983471074,0.001998002,0.97979798,0.990736536,0.7638748,78.40330648,0.249940395
conn-bench-vowel-deterding,Random Forest,9,{'n_estimators': 1378  'min_samples_split': 2  'min_samples_leaf': 1  'max_features': 'sqrt'  'max_depth': 76  'bootstrap': False},1,1,0,1,1,0.7650673,77.74751306,0.249941587
contrac,Random Forest,0,{'n_estimators': 314  'min_samples_split': 10  'min_samples_leaf': 4  'max_features': 'sqrt'  'max_depth': 10  'bootstrap': True},0.554054054,0.530494246,0.232609983,0.554054054,0.648942132,0.7613132,62.14963675,0.06248498
contrac,Random Forest,1,{'n_estimators': 314  'min_samples_split': 10  'min_samples_leaf': 4  'max_features': 'sqrt'  'max_depth': 10  'bootstrap': True},0.560810811,0.521012584,0.234968063,0.560810811,0.643022261,0.7577402,61.78576517,0.062486649
contrac,Random Forest,2,{'n_estimators': 314  'min_samples_split': 10  'min_samples_leaf': 4  'max_features': 'sqrt'  'max_depth': 10  'bootstrap': True},0.574324324,0.515238095,0.223246991,0.574324324,0.645995552,0.7544306,64.40179515,0.062487602
contrac,Random Forest,3,{'n_estimators': 466  'min_samples_split': 10  'min_samples_leaf': 4  'max_features': 'sqrt'  'max_depth': 76  'bootstrap': True},0.571428571,0.549118116,0.213905591,0.571428571,0.667606262,0.75118315,62.77848935,0.078104496
contrac,Random Forest,4,{'n_estimators': 800  'min_samples_split': 5  'min_samples_leaf': 4  'max_features': 'sqrt'  'max_depth': 54  'bootstrap': True},0.510204082,0.4781234,0.258978569,0.510204082,0.609572415,0.74723184,63.57264543,0.124970913
contrac,Random Forest,5,{'n_estimators': 466  'min_samples_split': 10  'min_samples_leaf': 4  'max_features': 'sqrt'  'max_depth': 76  'bootstrap': True},0.551020408,0.521630875,0.23173756,0.551020408,0.644946657,0.7438861,62.62029719,0.078104734
contrac,Random Forest,6,{'n_estimators': 314  'min_samples_split': 10  'min_samples_leaf': 4  'max_features': 'sqrt'  'max_depth': 10  'bootstrap': True},0.557823129,0.535244922,0.23184255,0.557823129,0.651701186,0.74070156,62.17139149,0.062484264
contrac,Random Forest,7,{'n_estimators': 466  'min_samples_split': 10  'min_samples_leaf': 4  'max_features': 'sqrt'  'max_depth': 76  'bootstrap': True},0.523809524,0.52622911,0.237929586,0.523809524,0.644149762,0.7371725,62.3571198,0.078108311
contrac,Random Forest,8,{'n_estimators': 800  'min_samples_split': 5  'min_samples_leaf': 4  'max_features': 'sqrt'  'max_depth': 54  'bootstrap': True},0.56462585,0.538189511,0.229700855,0.56462585,0.654244328,0.73421735,63.99691558,0.15621233
contrac,Random Forest,9,{'n_estimators': 314  'min_samples_split': 10  'min_samples_leaf': 4  'max_features': 'sqrt'  'max_depth': 10  'bootstrap': True},0.557823129,0.5393534,0.227947218,0.557823129,0.655703091,0.73124635,62.19203496,0.062484741
dermatology,Random Forest,0,{'n_estimators': 314  'min_samples_split': 10  'min_samples_leaf': 4  'max_features': 'sqrt'  'max_depth': 10  'bootstrap': True},1,1,0,1,1,0.7317804,44.27991509,0.046864271
dermatology,Random Forest,1,{'n_estimators': 405  'min_samples_split': 10  'min_samples_leaf': 1  'max_features': 'sqrt'  'max_depth': 21  'bootstrap': False},0.972972973,0.96,0.00625,0.972972973,0,0.7322314,43.69606662,0.07810545
dermatology,Random Forest,2,{'n_estimators': 405  'min_samples_split': 10  'min_samples_leaf': 1  'max_features': 'sqrt'  'max_depth': 21  'bootstrap': False},0.945945946,0.944444444,0.011111111,0.945945946,0.966666667,0.7325998,44.63772082,0.078107595
dermatology,Random Forest,3,{'n_estimators': 405  'min_samples_split': 10  'min_samples_leaf': 1  'max_features': 'sqrt'  'max_depth': 21  'bootstrap': False},1,1,0,1,1,0.7331281,43.66235685,0.062486649
dermatology,Random Forest,4,{'n_estimators': 435  'min_samples_split': 10  'min_samples_leaf': 2  'max_features': 'auto'  'max_depth': 32  'bootstrap': False},0.972972973,0.981481481,0.005376344,0.972972973,0.988052569,0.7335737,43.96543527,0.062485456
dermatology,Random Forest,5,{'n_estimators': 709  'min_samples_split': 2  'min_samples_leaf': 1  'max_features': 'auto'  'max_depth': 65  'bootstrap': False},1,1,0,1,1,0.7340981,44.76214838,0.109349012
dermatology,Random Forest,6,{'n_estimators': 405  'min_samples_split': 10  'min_samples_leaf': 1  'max_features': 'sqrt'  'max_depth': 21  'bootstrap': False},1,1,0,1,1,0.7346063,43.67998362,0.062484741
dermatology,Random Forest,7,{'n_estimators': 405  'min_samples_split': 10  'min_samples_leaf': 1  'max_features': 'sqrt'  'max_depth': 21  'bootstrap': False},0.972222222,0.966666667,0.005050505,0.972222222,0.980808081,0.7350325,43.77316976,0.062484503
dermatology,Random Forest,8,{'n_estimators': 405  'min_samples_split': 10  'min_samples_leaf': 1  'max_features': 'sqrt'  'max_depth': 21  'bootstrap': False},0.972222222,0.958333333,0.005376344,0.972222222,0.976478495,0.73545706,44.69327593,0.062486649
dermatology,Random Forest,9,{'n_estimators': 405  'min_samples_split': 10  'min_samples_leaf': 1  'max_features': 'sqrt'  'max_depth': 21  'bootstrap': False},1,1,0,1,1,0.7359599,43.61823702,0.062485218
ecoli,Random Forest,0,{'n_estimators': 1378  'min_samples_split': 2  'min_samples_leaf': 1  'max_features': 'sqrt'  'max_depth': 76  'bootstrap': False},0.852941176,0.85,0.034656955,0.852941176,0,0.7360021,46.47799516,0.220977068
ecoli,Random Forest,1,{'n_estimators': 435  'min_samples_split': 10  'min_samples_leaf': 2  'max_features': 'auto'  'max_depth': 32  'bootstrap': False},0.852941176,0.806666667,0.036021505,0.852941176,0,0.7360442,45.10375571,0.078106403
ecoli,Random Forest,2,{'n_estimators': 405  'min_samples_split': 10  'min_samples_leaf': 1  'max_features': 'sqrt'  'max_depth': 21  'bootstrap': False},0.911764706,0,0.020774977,0.911764706,0,0.7362453,44.53175759,0.046863556
ecoli,Random Forest,3,{'n_estimators': 405  'min_samples_split': 10  'min_samples_leaf': 1  'max_features': 'sqrt'  'max_depth': 21  'bootstrap': False},0.941176471,0.8,0.01212522,0.941176471,0,0.73652506,44.19809103,0.04686451
ecoli,Random Forest,4,{'n_estimators': 435  'min_samples_split': 10  'min_samples_leaf': 2  'max_features': 'auto'  'max_depth': 32  'bootstrap': False},0.911764706,0.896428571,0.024814815,0.911764706,0,0.73672473,45.20521927,0.078107595
ecoli,Random Forest,5,{'n_estimators': 405  'min_samples_split': 10  'min_samples_leaf': 1  'max_features': 'sqrt'  'max_depth': 21  'bootstrap': False},0.852941176,0.825,0.032005417,0.852941176,0,0.7367657,44.1355474,0.04686451
ecoli,Random Forest,6,{'n_estimators': 435  'min_samples_split': 10  'min_samples_leaf': 2  'max_features': 'auto'  'max_depth': 32  'bootstrap': False},0.878787879,0.656140351,0.028409285,0.878787879,0,0.73687273,44.83577585,0.062485456
ecoli,Random Forest,7,{'n_estimators': 1378  'min_samples_split': 2  'min_samples_leaf': 1  'max_features': 'sqrt'  'max_depth': 76  'bootstrap': False},0.787878788,0,0.032020202,0.787878788,0,0.73674315,46.84872961,0.218699217
ecoli,Random Forest,8,{'n_estimators': 405  'min_samples_split': 10  'min_samples_leaf': 1  'max_features': 'sqrt'  'max_depth': 21  'bootstrap': False},0.878787879,0.864285714,0.033076923,0.878787879,0,0.73684996,48.12610102,0.078106642
ecoli,Random Forest,9,{'n_estimators': 709  'min_samples_split': 2  'min_samples_leaf': 1  'max_features': 'auto'  'max_depth': 65  'bootstrap': False},0.818181818,0.80952381,0.038658255,0.818181818,0,0.7367995,44.90471387,0.140592098
energy-y1,Random Forest,0,{'n_estimators': 435  'min_samples_split': 10  'min_samples_leaf': 2  'max_features': 'auto'  'max_depth': 32  'bootstrap': False},0.987012987,0.988505747,0.005649718,0.987012987,0.991428015,0.737874,45.18732333,0.078106165
energy-y1,Random Forest,1,{'n_estimators': 466  'min_samples_split': 10  'min_samples_leaf': 4  'max_features': 'sqrt'  'max_depth': 76  'bootstrap': True},0.922077922,0.892951775,0.042901235,0.922077922,0.92502527,0.7385499,45.82566833,0.078105688
energy-y1,Random Forest,2,{'n_estimators': 10  'min_samples_split': 5  'min_samples_leaf': 2  'max_features': 'sqrt'  'max_depth': 87  'bootstrap': False},0.961038961,0.916666667,0.021938776,0.961038961,0.947363946,0.7394526,43.82864785,0
energy-y1,Random Forest,3,{'n_estimators': 1378  'min_samples_split': 2  'min_samples_leaf': 1  'max_features': 'sqrt'  'max_depth': 76  'bootstrap': False},0.948051948,0.961111111,0.02020202,0.948051948,0.970454545,0.7402704,47.25360417,0.218698025
energy-y1,Random Forest,4,{'n_estimators': 405  'min_samples_split': 10  'min_samples_leaf': 1  'max_features': 'sqrt'  'max_depth': 21  'bootstrap': False},0.961038961,0.944444444,0.021295475,0.961038961,0.961574485,0.741158,45.23430037,0.062485218
energy-y1,Random Forest,5,{'n_estimators': 435  'min_samples_split': 10  'min_samples_leaf': 2  'max_features': 'auto'  'max_depth': 32  'bootstrap': False},0.974025974,0.948717949,0.010752688,0.974025974,0.96898263,0.74211484,44.17715406,0.062483549
energy-y1,Random Forest,6,{'n_estimators': 10  'min_samples_split': 5  'min_samples_leaf': 2  'max_features': 'sqrt'  'max_depth': 87  'bootstrap': False},0.987012987,0.988505747,0.005128205,0.987012987,0.991688771,0.7431399,43.94037199,0
energy-y1,Random Forest,7,{'n_estimators': 435  'min_samples_split': 10  'min_samples_leaf': 2  'max_features': 'auto'  'max_depth': 32  'bootstrap': False},0.961038961,0.923076923,0.017857143,0.961038961,0.95260989,0.74400455,44.6934123,0.078105927
energy-y1,Random Forest,8,{'n_estimators': 314  'min_samples_split': 10  'min_samples_leaf': 4  'max_features': 'sqrt'  'max_depth': 10  'bootstrap': True},0.986842105,0.958333333,0.00877193,0.986842105,0.974780702,0.74499923,44.14134884,0.046863317
energy-y1,Random Forest,9,{'n_estimators': 435  'min_samples_split': 10  'min_samples_leaf': 2  'max_features': 'auto'  'max_depth': 32  'bootstrap': False},0.934210526,0.888888889,0.036337209,0.934210526,0.92627584,0.7456841,44.27888322,0.078107595
energy-y2,Random Forest,0,{'n_estimators': 800  'min_samples_split': 5  'min_samples_leaf': 4  'max_features': 'sqrt'  'max_depth': 54  'bootstrap': True},0.87012987,0.846491228,0.0604728,0.87012987,0.893009214,0.74600154,45.81430411,0.124969006
energy-y2,Random Forest,1,{'n_estimators': 800  'min_samples_split': 5  'min_samples_leaf': 4  'max_features': 'sqrt'  'max_depth': 54  'bootstrap': True},0.87012987,0.847619048,0.061507937,0.87012987,0.893055556,0.74631643,45.15729785,0.124970436
energy-y2,Random Forest,2,{'n_estimators': 466  'min_samples_split': 10  'min_samples_leaf': 4  'max_features': 'sqrt'  'max_depth': 76  'bootstrap': True},0.922077922,0.899277326,0.033898305,0.922077922,0.932689511,0.74692655,44.84270144,0.078106642
energy-y2,Random Forest,3,{'n_estimators': 1226  'min_samples_split': 10  'min_samples_leaf': 4  'max_features': 'sqrt'  'max_depth': 65  'bootstrap': True},0.935064935,0.91859858,0.031947024,0.935064935,0.943325778,0.7476058,47.21272421,0.189827204
energy-y2,Random Forest,4,{'n_estimators': 435  'min_samples_split': 10  'min_samples_leaf': 2  'max_features': 'auto'  'max_depth': 32  'bootstrap': False},0.961038961,0.956365272,0.017241379,0.961038961,0.969561946,0.74842715,44.91057611,0.07810688
energy-y2,Random Forest,5,{'n_estimators': 314  'min_samples_split': 10  'min_samples_leaf': 4  'max_features': 'sqrt'  'max_depth': 10  'bootstrap': True},0.909090909,0.872222222,0.051020023,0.909090909,0.9106011,0.74894756,46.89089656,0.062485218
energy-y2,Random Forest,6,{'n_estimators': 314  'min_samples_split': 10  'min_samples_leaf': 4  'max_features': 'sqrt'  'max_depth': 10  'bootstrap': True},0.909090909,0.893162393,0.042206713,0.909090909,0.92547784,0.74946356,45.39118409,0.062489271
energy-y2,Random Forest,7,{'n_estimators': 466  'min_samples_split': 10  'min_samples_leaf': 4  'max_features': 'sqrt'  'max_depth': 76  'bootstrap': True},0.831168831,0.786111111,0.07805973,0.831168831,0.85402569,0.74953765,45.59014368,0.078107357
energy-y2,Random Forest,8,{'n_estimators': 1378  'min_samples_split': 2  'min_samples_leaf': 1  'max_features': 'sqrt'  'max_depth': 76  'bootstrap': False},0.960526316,0.955903272,0.017857143,0.960526316,0.969023064,0.75032467,46.30833268,0.234320164
energy-y2,Random Forest,9,{'n_estimators': 314  'min_samples_split': 10  'min_samples_leaf': 4  'max_features': 'sqrt'  'max_depth': 10  'bootstrap': True},0.934210526,0.912280702,0.029239766,0.934210526,0.941520468,0.7509606,44.60940433,0.046863556
flags,Random Forest,0,{'n_estimators': 405  'min_samples_split': 10  'min_samples_leaf': 1  'max_features': 'sqrt'  'max_depth': 21  'bootstrap': False},0.55,0.533333333,0.092707258,0.55,0,0.75052935,44.5706346,0.062487125
flags,Random Forest,1,{'n_estimators': 1043  'min_samples_split': 2  'min_samples_leaf': 1  'max_features': 'sqrt'  'max_depth': 21  'bootstrap': False},0.65,0,0.057236842,0.65,0,0.75024354,45.89748907,0.171833754
flags,Random Forest,2,{'n_estimators': 1043  'min_samples_split': 2  'min_samples_leaf': 1  'max_features': 'sqrt'  'max_depth': 21  'bootstrap': False},0.85,0,0.027941176,0.85,0,0.75024694,46.60653496,0.156213999
flags,Random Forest,3,{'n_estimators': 1378  'min_samples_split': 2  'min_samples_leaf': 1  'max_features': 'sqrt'  'max_depth': 76  'bootstrap': False},0.65,0,0.077777778,0.65,0,0.74996215,47.09537935,0.218698978
flags,Random Forest,4,{'n_estimators': 709  'min_samples_split': 2  'min_samples_leaf': 1  'max_features': 'auto'  'max_depth': 65  'bootstrap': False},0.789473684,0.666666667,0.044607843,0.789473684,0,0.7498829,44.5620594,0.109349489
flags,Random Forest,5,{'n_estimators': 709  'min_samples_split': 2  'min_samples_leaf': 1  'max_features': 'auto'  'max_depth': 65  'bootstrap': False},0.736842105,0.597222222,0.053561254,0.736842105,0,0.7497319,44.25141549,0.109348297
flags,Random Forest,6,{'n_estimators': 1378  'min_samples_split': 2  'min_samples_leaf': 1  'max_features': 'sqrt'  'max_depth': 76  'bootstrap': False},0.526315789,0,0.087865497,0.526315789,0,0.7492938,46.06081843,0.21869874
flags,Random Forest,7,{'n_estimators': 1043  'min_samples_split': 2  'min_samples_leaf': 1  'max_features': 'sqrt'  'max_depth': 21  'bootstrap': False},0.789473684,0.67,0.052619048,0.789473684,0,0.7492154,45.20946908,0.156214952
flags,Random Forest,8,{'n_estimators': 1043  'min_samples_split': 2  'min_samples_leaf': 1  'max_features': 'sqrt'  'max_depth': 21  'bootstrap': False},0.473684211,0,0.073922551,0.473684211,0,0.7487073,44.09689879,0.156224489
flags,Random Forest,9,{'n_estimators': 1043  'min_samples_split': 2  'min_samples_leaf': 1  'max_features': 'sqrt'  'max_depth': 21  'bootstrap': False},0.631578947,0,0.068208204,0.631578947,0,0.74841493,45.75521278,0.171834946
glass,Random Forest,0,{'n_estimators': 405  'min_samples_split': 10  'min_samples_leaf': 1  'max_features': 'sqrt'  'max_depth': 21  'bootstrap': False},0.772727273,0.615079365,0.058730159,0.772727273,0.778174603,0.74831754,45.56326056,0.078105211
glass,Random Forest,1,{'n_estimators': 10  'min_samples_split': 5  'min_samples_leaf': 2  'max_features': 'sqrt'  'max_depth': 87  'bootstrap': False},0.727272727,0.783333333,0.074206349,0.727272727,0,0.748149,43.53232336,0.015623331
glass,Random Forest,2,{'n_estimators': 1043  'min_samples_split': 2  'min_samples_leaf': 1  'max_features': 'sqrt'  'max_depth': 21  'bootstrap': False},0.727272727,0.809259259,0.064856712,0.727272727,0.872201274,0.7479808,46.93054461,0.174059629
glass,Random Forest,3,{'n_estimators': 1043  'min_samples_split': 2  'min_samples_leaf': 1  'max_features': 'sqrt'  'max_depth': 21  'bootstrap': False},0.772727273,0,0.057575758,0.772727273,0,0.7478842,46.72700572,0.156213999
glass,Random Forest,4,{'n_estimators': 435  'min_samples_split': 10  'min_samples_leaf': 2  'max_features': 'auto'  'max_depth': 32  'bootstrap': False},0.666666667,0,0.078144078,0.666666667,0,0.7476338,44.87274456,0.06248498
glass,Random Forest,5,{'n_estimators': 1378  'min_samples_split': 2  'min_samples_leaf': 1  'max_features': 'sqrt'  'max_depth': 76  'bootstrap': False},0.904761905,0.875,0.021708683,0.904761905,0.926645658,0.7477393,46.85126209,0.203079462
glass,Random Forest,6,{'n_estimators': 709  'min_samples_split': 2  'min_samples_leaf': 1  'max_features': 'auto'  'max_depth': 65  'bootstrap': False},0.619047619,0,0.08047508,0.619047619,0,0.7474187,46.49929404,0.12497139
glass,Random Forest,7,{'n_estimators': 709  'min_samples_split': 2  'min_samples_leaf': 1  'max_features': 'auto'  'max_depth': 65  'bootstrap': False},0.714285714,0.621428571,0.168831169,0.714285714,0,0.7472406,45.90813875,0.109347343
glass,Random Forest,8,{'n_estimators': 1378  'min_samples_split': 2  'min_samples_leaf': 1  'max_features': 'sqrt'  'max_depth': 76  'bootstrap': False},0.761904762,0.81547619,0.085714286,0.761904762,0,0.74713373,47.12708068,0.218700647
glass,Random Forest,9,{'n_estimators': 405  'min_samples_split': 10  'min_samples_leaf': 1  'max_features': 'sqrt'  'max_depth': 21  'bootstrap': False},0.80952381,0.796296296,0.037268519,0.80952381,0.879513889,0.7470978,47.41435742,0.078106165
heart-va,Random Forest,0,{'n_estimators': 405  'min_samples_split': 10  'min_samples_leaf': 1  'max_features': 'sqrt'  'max_depth': 21  'bootstrap': False},0.45,0.389047619,0.146447964,0.45,0.621299828,0.746564,45.03244472,0.06248498
heart-va,Random Forest,1,{'n_estimators': 405  'min_samples_split': 10  'min_samples_leaf': 1  'max_features': 'sqrt'  'max_depth': 21  'bootstrap': False},0.4,0.291666667,0.162990196,0.4,0.564338235,0.74596095,43.15826154,0.062484264
heart-va,Random Forest,2,{'n_estimators': 1378  'min_samples_split': 2  'min_samples_leaf': 1  'max_features': 'sqrt'  'max_depth': 76  'bootstrap': False},0.3,0.236666667,0.178625117,0.3,0.529020775,0.7452188,46.55993986,0.234318972
heart-va,Random Forest,3,{'n_estimators': 314  'min_samples_split': 10  'min_samples_leaf': 4  'max_features': 'sqrt'  'max_depth': 10  'bootstrap': True},0.35,0.447916667,0.215029762,0.35,0,0.74454886,44.69067192,0.04686594
heart-va,Random Forest,4,{'n_estimators': 709  'min_samples_split': 2  'min_samples_leaf': 1  'max_features': 'auto'  'max_depth': 65  'bootstrap': False},0.5,0.547619048,0.160633484,0.5,0,0.7440913,43.55766702,0.164402723
heart-va,Random Forest,5,{'n_estimators': 314  'min_samples_split': 10  'min_samples_leaf': 4  'max_features': 'sqrt'  'max_depth': 10  'bootstrap': True},0.25,0.213333333,0.192492997,0.25,0.510420168,0.74328446,44.02252269,0.062483072
heart-va,Random Forest,6,{'n_estimators': 405  'min_samples_split': 10  'min_samples_leaf': 1  'max_features': 'sqrt'  'max_depth': 21  'bootstrap': False},0.4,0.342380952,0.152038382,0.4,0.595171285,0.74268967,44.21142507,0.062487602
heart-va,Random Forest,7,{'n_estimators': 466  'min_samples_split': 10  'min_samples_leaf': 4  'max_features': 'sqrt'  'max_depth': 76  'bootstrap': True},0.3,0.322222222,0.247950089,0.3,0,0.7419567,43.52624393,0.109348536
heart-va,Random Forest,8,{'n_estimators': 709  'min_samples_split': 2  'min_samples_leaf': 1  'max_features': 'auto'  'max_depth': 65  'bootstrap': False},0.15,0.128571429,0.232635747,0.15,0.447967841,0.7410167,44.96866226,0.15621376
heart-va,Random Forest,9,{'n_estimators': 1226  'min_samples_split': 10  'min_samples_leaf': 4  'max_features': 'sqrt'  'max_depth': 65  'bootstrap': True},0.3,0.332142857,0.187089519,0.3,0.572526669,0.7402881,47.34221745,0.203076124
iris,Random Forest,0,{'n_estimators': 10  'min_samples_split': 5  'min_samples_leaf': 2  'max_features': 'sqrt'  'max_depth': 87  'bootstrap': False},0.933333333,0.958333333,0.03030303,0.933333333,0.964015152,0.74041593,40.07108259,0
iris,Random Forest,1,{'n_estimators': 405  'min_samples_split': 10  'min_samples_leaf': 1  'max_features': 'sqrt'  'max_depth': 21  'bootstrap': False},1,1,0,1,1,0.74061316,41.97679186,0.062485933
iris,Random Forest,2,{'n_estimators': 1226  'min_samples_split': 10  'min_samples_leaf': 4  'max_features': 'sqrt'  'max_depth': 65  'bootstrap': True},0.933333333,0.933333333,0.041666667,0.933333333,0.945833333,0.74074066,44.02618313,0.203077078
iris,Random Forest,3,{'n_estimators': 405  'min_samples_split': 10  'min_samples_leaf': 1  'max_features': 'sqrt'  'max_depth': 21  'bootstrap': False},0.933333333,0.916666667,0.03030303,0.933333333,0.943181818,0.740868,40.37165213,0.062485218
iris,Random Forest,4,{'n_estimators': 1378  'min_samples_split': 2  'min_samples_leaf': 1  'max_features': 'sqrt'  'max_depth': 76  'bootstrap': False},1,1,0,1,1,0.74106437,43.20187759,0.203079224
iris,Random Forest,5,{'n_estimators': 405  'min_samples_split': 10  'min_samples_leaf': 1  'max_features': 'sqrt'  'max_depth': 21  'bootstrap': False},1,1,0,1,1,0.7412605,41.02956414,0.062485218
iris,Random Forest,6,{'n_estimators': 1378  'min_samples_split': 2  'min_samples_leaf': 1  'max_features': 'sqrt'  'max_depth': 76  'bootstrap': False},1,1,0,1,1,0.74145645,42.75075793,0.234322548
iris,Random Forest,7,{'n_estimators': 314  'min_samples_split': 10  'min_samples_leaf': 4  'max_features': 'sqrt'  'max_depth': 10  'bootstrap': True},0.866666667,0.866666667,0.060606061,0.866666667,0.903030303,0.74151355,41.81559038,0.156213284
iris,Random Forest,8,{'n_estimators': 10  'min_samples_split': 5  'min_samples_leaf': 2  'max_features': 'sqrt'  'max_depth': 87  'bootstrap': False},0.866666667,0.916666667,0.060606061,0.866666667,0.928030303,0.74157065,40.42545366,0
iris,Random Forest,9,{'n_estimators': 405  'min_samples_split': 10  'min_samples_leaf': 1  'max_features': 'sqrt'  'max_depth': 21  'bootstrap': False},1,1,0,1,1,0.7417658,41.28592849,0.062483072